Centro de Responsabilidade,Cod centro,Cod conta 1º nível,Nome conta 2º nível,Cod conta 2º nível,Nome conta 3º nível,Cod conta 3º nível,Motivo do contrato,Vendedor,Data da Admissão,Data da Demissão,Salário,Produto,Preço Unitário,Desconto,Quantidade de atendimentos,Fechamento de contrato,Cliente - Nome Fantasia,CNPJ,Ano,Mês,nº Mês,Receitas de Serviço (contratos),Foma de Pagamento,Cadastro de Reclamação,Reclamação Cadastrada,Retorno à reclamação,Satifação com o Produto,NPS,Tipo de Cliente,NPS2
Mirante,10113.0,2.0,Receitas Correntes,21.0,Receitas de serviços,211.0,Demanda, Julia Roberts,2019-07-03,,1587.87,PCMAT,408.01,0.20845461205622473,83,,Rosamaria Representações,11055417000198.0,2022.0,JANEIRO,1.0,26805.55,Tranferencia bancária,,,,Sim,7,,Neutro
Mirante,10113.0,2.0,Receitas Correntes,21.0,Receitas de serviços,211.0,Prospecção, Keanu Reeves,2019-12-03,,1416.99,LTCAT,909.54,0.20077181872155148,59,,Condomínio Lagamar,11055417000184.0,2022.0,JANEIRO,1.0,42888.87,Tranferencia bancária,Sim,Qualidade do Serviço/produto,Sim,Não,1,Novo Cliente,Detrator
Mirante,10113.0,2.0,Receitas Correntes,21.0,Receitas de serviços,211.0,Prospecção, Kevin Costner,2018-10-03,,1949.04,LTCAT,909.54,0.19837403522659802,125,,Itamar Saúde,11055417000188.0,2022.0,JANEIRO,1.0,91138.86,PIX,,,,Sim,7,Novo Cliente,Neutro
Mirante,10113.0,2.0,Receitas Correntes,21.0,Receitas de serviços,211.0,Demanda, Mel Gibson,2019-11-02,,1587.16,LTCAT,909.54,0.20181240883670137,192,,Via Future Capacitações,11055417000202.0,2022.0,JANEIRO,1.0,139388.84,Tranferencia bancária,,,,Sim,6,,Detrator
Mirante,10113.0,2.0,Receitas Correntes,21.0,Receitas de serviços,211.0,Prospecção, Meryl Streep,2017-03-01,,1199.0,PCMSO,815.2,0.0,-,NÃO,Rio da Vida Saúde AS,11055417000195.0,2022.0,JANEIRO,1.0,-,,Sim,Qualidade do Serviço/produto,Não,Não,5,Novo Cliente,Detrator
Mirante,10113.0,2.0,Receitas Correntes,21.0,Receitas de serviços,211.0,Demanda, Morgan Freeman,2018-10-02,,1144.5,PCMAT,408.01,0.3229164483630752,621,,Itamar Saúde,11055417000188.0,2022.0,JANEIRO,1.0,171555.51,Tranferencia bancária,,,,Sim,8,,Neutro
Mirante,10113.0,2.0,Receitas Correntes,21.0,Receitas de serviços,211.0,Demanda, Sandra Bullock,2014-04-03,,1683.08,PCMAT,408.01,0.19553142204897933,49,,Condomínio Lagamar,11055417000184.0,2022.0,JANEIRO,1.0,16083.33,Tranferencia bancária,Sim,Qualidade do Serviço/produto,Sim,Não,5,,Detrator
Mirante,10113.0,2.0,Receitas Correntes,21.0,Receitas de serviços,211.0,Prospecção, Sylvester Stallone,2015-11-03,,1828.18,LTCAT,909.54,0.201812392475736,672,,Rio Sul Varejo,11055417000197.0,2022.0,JANEIRO,1.0,487860.95,Boleto bancário,,,,Sim,9,Novo Cliente,Promotor
Mirante,10113.0,2.0,Receitas Correntes,21.0,Receitas de serviços,211.0,Demanda, Tom Hanks,2021-04-03,,2070.99,LTCAT,909.54,0.2014162423117819,93,,Condomínio Lagamar,11055417000184.0,2022.0,FEVEREIRO,2.0,67549.98,Tranferencia bancária,Sim,Informação / Sistemas,Não,Não,4,,Detrator
Mirante,10113.0,2.0,Receitas Correntes,21.0,Receitas de serviços,211.0,Demanda, Mel Gibson,2019-11-02,,1587.16,LTCAT,909.54,0.2014162423117818,62,,Viemos Academia,11055417000203.0,2022.0,FEVEREIRO,2.0,45033.32,Tranferencia bancária,,,,Sim,7,,Neutro
Mirante,10113.0,2.0,Receitas Correntes,21.0,Receitas de serviços,211.0,Prospecção, Meryl Streep,2017-03-01,,1199.0,PCMSO,815.2,0.0,-,NÃO,Viemos Academia,11055417000203.0,2022.0,FEVEREIRO,2.0,-,,,,,Sim,8,Novo Cliente,Neutro
Mirante,10113.0,2.0,Receitas Correntes,21.0,Receitas de serviços,211.0,Prospecção, Morgan Freeman,2018-10-02,,1144.5,PCMAT,408.01,0.24470981371753264,274,,Rio da Vida Saúde AS,11055417000195.0,2022.0,FEVEREIRO,2.0,84437.47,Tranferencia bancária,Sim,Informação / Sistemas,Sim,Não,4,Novo Cliente,Detrator
Mirante,10113.0,2.0,Receitas Correntes,21.0,Receitas de serviços,211.0,Demanda, Sandra Bullock,2014-04-03,,1683.08,PCMAT,408.01,0.20404034214847666,260,,Rio da Vida Saúde AS,11055417000195.0,2022.0,FEVEREIRO,2.0,84437.47,Tranferencia bancária,,,,Sim,9,,Promotor
Mirante,10113.0,2.0,Receitas Correntes,21.0,Receitas de serviços,211.0,Prospecção, Sylvester Stallone,2015-11-03,,1828.18,PCMAT,408.01,0.1978702072395626,86,,GuiModas Fashion,11055417000187.0,2022.0,FEVEREIRO,2.0,28145.82,Tranferencia bancária,,,,Sim,7,Novo Cliente,Neutro
Mirante,10113.0,2.0,Receitas Correntes,21.0,Receitas de serviços,211.0,Demanda, Mel Gibson,2019-11-02,,1587.16,LTCAT,909.54,0.17479678372217444,15,,Brenda Mesquita,11055417000182.0,2022.0,FEVEREIRO,2.0,11258.33,Tranferencia bancária,Sim,Informação / Sistemas,Sim,Não,2,,Detrator
Mirante,10113.0,2.0,Receitas Correntes,21.0,Receitas de serviços,211.0,Prospecção, Meryl Streep,2017-03-01,,1199.0,LTCAT,909.54,0.0,-,NÃO,Brenda Mesquita,11055417000182.0,2022.0,FEVEREIRO,2.0,-,,,,,Sim,9,Novo Cliente,Promotor
Mirante,10113.0,2.0,Receitas Correntes,21.0,Receitas de serviços,211.0,Demanda, Morgan Freeman,2018-10-02,,1144.5,LTCAT,909.54,0.2014162423117818,31,,Itamar Saúde,11055417000188.0,2022.0,FEVEREIRO,2.0,22516.66,Tranferencia bancária,,,,Sim,8,,Neutro
Mirante,10113.0,2.0,Receitas Correntes,21.0,Receitas de serviços,211.0,Prospecção, Sandra Bullock,2014-04-03,,1683.08,PCMAT,408.01,0.2016784149629195,674,,Itamar Saúde,11055417000188.0,2022.0,FEVEREIRO,2.0,219537.43,Tranferencia bancária,Sim,Informação / Sistemas,Não,Não,4,Novo Cliente,Detrator
Mirante,10113.0,2.0,Receitas Correntes,21.0,Receitas de serviços,211.0,Prospecção, Sylvester Stallone,2015-11-03,,1828.18,LTCAT,909.54,0.0,-,NÃO,Itamar Saúde,11055417000188.0,2022.0,MARÇO,3.0,-,,,,,Sim,9,Novo Cliente,Promotor
Mirante,10113.0,2.0,Receitas Correntes,21.0,Receitas de serviços,211.0,Demanda, Mel Gibson,2019-11-02,,1587.16,LTCAT,909.54,0.20187210784804577,251,,Viemos Academia,11055417000203.0,2022.0,MARÇO,3.0,182208.24,Tranferencia bancária,,,,Sim,9,,Promotor
Mirante,10113.0,2.0,Receitas Correntes,21.0,Receitas de serviços,211.0,Prospecção, Meryl Streep,2017-03-01,,1199.0,LTCAT,909.54,0.19912145120740465,279,,Viemos Academia,11055417000203.0,2022.0,MARÇO,3.0,203232.27,Espécie,Sim,Informação / Sistemas,Sim,Não,1,Novo Cliente,Detrator
Mirante,10113.0,2.0,Receitas Correntes,21.0,Receitas de serviços,211.0,Demanda, Morgan Freeman,2018-10-02,,1144.5,PCMSO,815.2,0.0,-,NÃO,GuiModas Fashion,11055417000187.0,2022.0,MARÇO,3.0,-,,,,,Sim,8,,Neutro
Mirante,10113.0,2.0,Receitas Correntes,21.0,Receitas de serviços,211.0,Prospecção, Sandra Bullock,2014-04-03,,1683.08,PCMAT,408.01,0.20199666501319913,452,,Moinho Ventura,11055417000190.0,2022.0,MARÇO,3.0,147168.19,PIX,,,,Sim,7,Novo Cliente,Neutro
Mirante,10113.0,2.0,Receitas Correntes,21.0,Receitas de serviços,211.0,Demanda, Sylvester Stallone,2015-11-03,,1828.18,PCMAT,408.01,0.20111292681874915,516,,Sal da Terra LTDA,11055417000199.0,2022.0,MARÇO,3.0,168192.22,Tranferencia bancária,Sim,Qualidade do Serviço/produto,Sim,Não,4,,Detrator
Mirante,10113.0,2.0,Receitas Correntes,21.0,Receitas de serviços,211.0,Prospecção, Sylvester Stallone,2015-11-03,,1828.18,LTCAT,909.54,0.0,401,NÃO,Itamar Saúde,11055417000188.0,2022.0,ABRIL,4.0,291051.48,Tranferencia bancária,,,,Sim,9,Novo Cliente,Promotor
Mirante,10113.0,2.0,Receitas Correntes,21.0,Receitas de serviços,211.0,Demanda, Mel Gibson,2019-11-02,,1587.16,LTCAT,909.54,0.0,38,,Viemos Academia,11055417000203.0,2022.0,ABRIL,4.0,27286.07,Espécie,,,,Sim,10,,Promotor
Mirante,10113.0,2.0,Receitas Correntes,21.0,Receitas de serviços,211.0,Prospecção, Meryl Streep,2017-03-01,,1199.0,LTCAT,909.54,0.0,38,,Viemos Academia,11055417000203.0,2022.0,ABRIL,4.0,27286.07,Tranferencia bancária,Sim,Informação / Sistemas,Sim,Não,2,Novo Cliente,Detrator
Mirante,10113.0,2.0,Receitas Correntes,21.0,Receitas de serviços,211.0,Demanda, Morgan Freeman,2018-10-02,,1144.5,PCMSO,815.2,0.0,69,NÃO,GuiModas Fashion,11055417000187.0,2022.0,ABRIL,4.0,44835.88,Tranferencia bancária,,,,Sim,7,,Neutro
Mirante,10113.0,2.0,Receitas Correntes,21.0,Receitas de serviços,211.0,Prospecção, Sandra Bullock,2014-04-03,,1683.08,PCMAT,408.01,0.0008442055222948053,-,,Moinho Ventura,11055417000190.0,2022.0,ABRIL,4.0,-,,,,,Sim,8,Novo Cliente,Neutro
Mirante,10113.0,2.0,Receitas Correntes,21.0,Receitas de serviços,211.0,Demanda, Sylvester Stallone,2015-11-03,,1828.18,PCMAT,408.01,0.0,75,,Sal da Terra LTDA,11055417000199.0,2022.0,ABRIL,4.0,24480.75,PIX,Sim,Informação / Sistemas,Sim,Não,6,,Detrator
Mirante,10113.0,2.0,Receitas Correntes,21.0,Receitas de serviços,211.0,Prospecção, Sylvester Stallone,2015-11-03,,1828.18,LTCAT,909.54,0.0,539,NÃO,Itamar Saúde,11055417000188.0,2022.0,MAIO,5.0,391100.42,Boleto bancário,,,,Sim,8,Novo Cliente,Neutro
Mirante,10113.0,2.0,Receitas Correntes,21.0,Receitas de serviços,211.0,Demanda, Mel Gibson,2019-11-02,,1587.16,LTCAT,909.54,0.0,84,,Viemos Academia,11055417000203.0,2022.0,MAIO,5.0,60938.9,Tranferencia bancária,,,,Sim,9,,Promotor
Mirante,10113.0,2.0,Receitas Correntes,21.0,Receitas de serviços,211.0,Prospecção, Meryl Streep,2017-03-01,,1199.0,LTCAT,909.54,0.0,70,,Viemos Academia,11055417000203.0,2022.0,MAIO,5.0,50934.01,Tranferencia bancária,Sim,Atendimento,Sim,Não,5,Novo Cliente,Detrator
Mirante,10113.0,2.0,Receitas Correntes,21.0,Receitas de serviços,211.0,Demanda, Morgan Freeman,2018-10-02,,1144.5,PCMSO,815.2,0.0,154,NÃO,GuiModas Fashion,11055417000187.0,2022.0,MAIO,5.0,100269.33,Tranferencia bancária,,,,Sim,6,,Detrator
Mirante,10113.0,2.0,Receitas Correntes,21.0,Receitas de serviços,211.0,Prospecção, Sandra Bullock,2014-04-03,,1683.08,PCMAT,408.01,0.0008442055222948053,-,,Moinho Ventura,11055417000190.0,2022.0,MAIO,5.0,-,,,,,Sim,9,Novo Cliente,Promotor
Mirante,10113.0,2.0,Receitas Correntes,21.0,Receitas de serviços,211.0,Demanda, Sylvester Stallone,2015-11-03,,1828.18,PCMAT,408.01,0.0,200,,Sal da Terra LTDA,11055417000199.0,2022.0,MAIO,5.0,65282.02,Tranferencia bancária,Sim,Atendimento,Sim,Não,5,,Detrator
Mirante,10113.0,2.0,Receitas Correntes,21.0,Receitas de serviços,211.0,Demanda, Julia Roberts,2019-07-03,,1587.87,PCMAT,448.81,0.20617588170574275,79,,Rosamaria Representações,11055417000198.0,2022.0,JUNHO,6.0,28145.82,Tranferencia bancária,,,,Sim,7,,Neutro
Mirante,10113.0,2.0,Receitas Correntes,21.0,Receitas de serviços,211.0,Prospecção, Keanu Reeves,2019-12-03,,1416.99,LTCAT,1000.49,0.19622741999277504,56,,Condomínio Lagamar,11055417000184.0,2022.0,JUNHO,6.0,45033.32,Tranferencia bancária,Sim,Qualidade do Serviço/produto,Sim,Não,6,,Detrator
Mirante,10113.0,2.0,Receitas Correntes,21.0,Receitas de serviços,211.0,Prospecção, Kevin Costner,2018-10-03,,1949.04,LTCAT,1000.49,0.20951287588090106,121,,Itamar Saúde,11055417000188.0,2022.0,JUNHO,6.0,95695.81,PIX,,,,Sim,9,,Promotor
Mirante,10113.0,2.0,Receitas Correntes,21.0,Receitas de serviços,211.0,Demanda, Mel Gibson,2019-11-02,,1587.16,LTCAT,1000.49,0.2006196745015708,183,,Via Future Capacitações,11055417000202.0,2022.0,JUNHO,6.0,146358.28,Tranferencia bancária,,,,Sim,8,,Neutro
Mirante,10113.0,2.0,Receitas Correntes,21.0,Receitas de serviços,211.0,Prospecção, Meryl Streep,2017-03-01,,1199.0,PCMSO,896.71,0.0,-,NÃO,Rio da Vida Saúde AS,11055417000195.0,2022.0,JUNHO,6.0,-,,Sim,Qualidade do Serviço/produto,Não,Não,3,,Detrator
Mirante,10113.0,2.0,Receitas Correntes,21.0,Receitas de serviços,211.0,Demanda, Morgan Freeman,2018-10-02,,1144.5,PCMAT,448.81,0.2020725184332166,503,,Itamar Saúde,11055417000188.0,2022.0,JUNHO,6.0,180133.27,Tranferencia bancária,,,,Sim,7,,Neutro
Mirante,10113.0,2.0,Receitas Correntes,21.0,Receitas de serviços,211.0,Demanda, Sandra Bullock,2014-04-03,,1683.08,PCMAT,448.81,0.1994195525093071,47,,Condomínio Lagamar,11055417000184.0,2022.0,JUNHO,6.0,16887.5,Tranferencia bancária,Sim,Qualidade do Serviço/produto,Sim,Não,6,,Detrator
Mirante,10113.0,2.0,Receitas Correntes,21.0,Receitas de serviços,211.0,Prospecção, Sylvester Stallone,2015-11-03,,1828.18,LTCAT,1000.49,0.20248735440506416,642,,Rio Sul Varejo,11055417000197.0,2022.0,JUNHO,6.0,512254,Boleto bancário,,,,Sim,8,,Neutro
Mirante,10113.0,2.0,Receitas Correntes,21.0,Receitas de serviços,211.0,Demanda, Tom Hanks,2021-04-03,,2070.99,LTCAT,1000.49,0.20345233082980352,89,,Condomínio Lagamar,11055417000184.0,2022.0,JULHO,7.0,70927.48,Tranferencia bancária,Sim,Informação / Sistemas,Não,Não,1,,Detrator
Mirante,10113.0,2.0,Receitas Correntes,21.0,Receitas de serviços,211.0,Demanda, Mel Gibson,2019-11-02,,1587.16,LTCAT,1000.49,0.19895200504295274,59,,Viemos Academia,11055417000203.0,2022.0,JULHO,7.0,47284.99,Tranferencia bancária,,,,Sim,8,,Neutro
Mirante,10113.0,2.0,Receitas Correntes,21.0,Receitas de serviços,211.0,Prospecção, Meryl Streep,2017-03-01,,1199.0,PCMSO,896.71,0.0,-,NÃO,Viemos Academia,11055417000203.0,2022.0,JULHO,7.0,-,,,,,Sim,7,,Neutro
Mirante,10113.0,2.0,Receitas Correntes,21.0,Receitas de serviços,211.0,Prospecção, Morgan Freeman,2018-10-02,,1144.5,PCMAT,448.81,0.2034549608247186,248,,Rio da Vida Saúde AS,11055417000195.0,2022.0,JULHO,7.0,88659.35,Tranferencia bancária,Sim,Informação / Sistemas,Sim,Não,2,,Detrator
Mirante,10113.0,2.0,Receitas Correntes,21.0,Receitas de serviços,211.0,Demanda, Sandra Bullock,2014-04-03,,1683.08,PCMAT,448.81,0.2034549608247186,248,,Rio da Vida Saúde AS,11055417000195.0,2022.0,JULHO,7.0,88659.35,Tranferencia bancária,,,,Sim,9,,Promotor
Mirante,10113.0,2.0,Receitas Correntes,21.0,Receitas de serviços,211.0,Prospecção, Sylvester Stallone,2015-11-03,,1828.18,PCMAT,448.81,0.20665357895564795,83,,GuiModas Fashion,11055417000187.0,2022.0,JULHO,7.0,29553.13,Tranferencia bancária,,,,Sim,7,,Neutro
Mirante,10113.0,2.0,Receitas Correntes,21.0,Receitas de serviços,211.0,Demanda, Mel Gibson,2019-11-02,,1587.16,LTCAT,1000.49,0.21230330471402348,15,,Brenda Mesquita,11055417000182.0,2022.0,JULHO,7.0,11821.24,Tranferencia bancária,Sim,Informação / Sistemas,Sim,Não,4,,Detrator
Mirante,10113.0,2.0,Receitas Correntes,21.0,Receitas de serviços,211.0,Prospecção, Meryl Streep,2017-03-01,,1199.0,LTCAT,1000.49,0.0,-,NÃO,Brenda Mesquita,11055417000182.0,2022.0,JULHO,7.0,-,,,,,Sim,8,,Neutro
Mirante,10113.0,2.0,Receitas Correntes,21.0,Receitas de serviços,211.0,Demanda, Morgan Freeman,2018-10-02,,1144.5,LTCAT,1000.49,0.2123029715439434,30,,Itamar Saúde,11055417000188.0,2022.0,JULHO,7.0,23642.49,Tranferencia bancária,,,,Sim,7,,Neutro
Mirante,10113.0,2.0,Receitas Correntes,21.0,Receitas de serviços,211.0,Prospecção, Sandra Bullock,2014-04-03,,1683.08,PCMAT,448.81,0.20246549847969264,644,,Itamar Saúde,11055417000188.0,2022.0,JULHO,7.0,230514.3,Tranferencia bancária,Sim,Informação / Sistemas,Não,Não,3,,Detrator
Mirante,10113.0,2.0,Receitas Correntes,21.0,Receitas de serviços,211.0,Prospecção, Sylvester Stallone,2015-11-03,,1828.18,LTCAT,1000.49,0.0,-,NÃO,Alimentação & Saúde - Refeição Industrial,11055417001188.0,2022.0,AGOSTO,8.0,-,,,,,Sim,7,Novo Cliente,Neutro
Mirante,10113.0,2.0,Receitas Correntes,21.0,Receitas de serviços,211.0,Demanda, Mel Gibson,2019-11-02,,1587.16,LTCAT,1000.49,0.19989560763761327,239,,Viemos Academia,11055417000203.0,2022.0,AGOSTO,8.0,191318.65,Tranferencia bancária,,,,Sim,8,,Neutro
Mirante,10113.0,2.0,Receitas Correntes,21.0,Receitas de serviços,211.0,Prospecção, Meryl Streep,2017-03-01,,1199.0,LTCAT,1000.49,0.2011633775105629,267,,Maria Vitória Academia,11055417003203.0,2022.0,AGOSTO,8.0,213393.89,Tranferencia bancária,Sim,Informação / Sistemas,Sim,Não,4,Novo Cliente,Detrator
Mirante,10113.0,2.0,Receitas Correntes,21.0,Receitas de serviços,211.0,Demanda, Morgan Freeman,2018-10-02,,1144.5,PCMSO,896.71,0.0,-,NÃO,GuiModas Fashion,11055417000187.0,2022.0,AGOSTO,8.0,-,,,,,Sim,10,,Promotor
Mirante,10113.0,2.0,Receitas Correntes,21.0,Receitas de serviços,211.0,Prospecção, Sandra Bullock,2014-04-03,,1683.08,PCMAT,448.81,0.20115328439305158,431,,Moinho Santo Antônio,11055417000191.0,2022.0,AGOSTO,8.0,154526.6,PIX,,,,Sim,9,Novo Cliente,Promotor
Mirante,10113.0,2.0,Receitas Correntes,21.0,Receitas de serviços,211.0,Demanda, Sylvester Stallone,2015-11-03,,1828.18,PCMAT,448.81,0.2002254652456732,492,,Sal da Terra LTDA,11055417000199.0,2022.0,AGOSTO,8.0,176601.83,Tranferencia bancária,Sim,Qualidade do Serviço/produto,Sim,Não,6,,Detrator
Mirante,10113.0,2.0,Receitas Correntes,21.0,Receitas de serviços,211.0,Prospecção, Sylvester Stallone,2015-11-03,,1828.18,LTCAT,1000.49,0.0,382,NÃO,Altair Engenharia,11055417000188.0,2022.0,SETEMBRO,9.0,305604.05,Tranferencia bancária,,,,Sim,6,,Detrator
Mirante,10113.0,2.0,Receitas Correntes,21.0,Receitas de serviços,211.0,Demanda, Mel Gibson,2019-11-02,,1587.16,LTCAT,1000.49,0.0,37,,Viemos Academia,11055417000203.0,2022.0,SETEMBRO,9.0,28650.38,Tranferencia bancária,,,,Sim,10,,Promotor
Mirante,10113.0,2.0,Receitas Correntes,21.0,Receitas de serviços,211.0,Prospecção, Meryl Streep,2017-03-01,,1199.0,LTCAT,1000.49,0.0,37,,SUCODA FRURA S/A,11055417000203.0,2022.0,SETEMBRO,9.0,28650.38,Tranferencia bancária,Sim,Informação / Sistemas,Sim,Não,7,,Neutro
Mirante,10113.0,2.0,Receitas Correntes,21.0,Receitas de serviços,211.0,Demanda, Morgan Freeman,2018-10-02,,1144.5,PCMSO,896.71,0.0,67,NÃO,GuiModas Fashion,11055417000187.0,2022.0,SETEMBRO,9.0,47077.68,Tranferencia bancária,,,,Sim,8,,Neutro
Mirante,10113.0,2.0,Receitas Correntes,21.0,Receitas de serviços,211.0,Prospecção, Sandra Bullock,2014-04-03,,1683.08,PCMAT,448.81,0.0008442055222948053,-,,Moinho Ventura,11055417000190.0,2022.0,SETEMBRO,9.0,-,,,,,Sim,8,,Neutro
Mirante,10113.0,2.0,Receitas Correntes,21.0,Receitas de serviços,211.0,Demanda, Sylvester Stallone,2015-11-03,,1828.18,PCMAT,448.81,0.0,71,,Sal da Terra LTDA,11055417000199.0,2022.0,OUTOBRO,9.0,25704.79,PIX,Sim,Informação / Sistemas,Sim,Não,6,,Detrator
Mirante,10113.0,2.0,Receitas Correntes,21.0,Receitas de serviços,211.0,Prospecção, Sylvester Stallone,2015-11-03,,1828.18,LTCAT,1000.49,0.0,514,NÃO,Itamar Saúde,11055417000188.0,2022.0,OUTOBRO,10.0,410655.43,Boleto bancário,,,,Sim,7,,Neutro
Mirante,10113.0,2.0,Receitas Correntes,21.0,Receitas de serviços,211.0,Demanda, Mel Gibson,2019-11-02,,1587.16,LTCAT,1000.49,0.0,81,,Viemos Academia,11055417000203.0,2022.0,OUTOBRO,10.0,63985.85,Tranferencia bancária,,,,Sim,8,,Neutro
Mirante,10113.0,2.0,Receitas Correntes,21.0,Receitas de serviços,211.0,Prospecção, Meryl Streep,2017-03-01,,1199.0,LTCAT,1000.49,0.0,67,,Viemos Academia,11055417000203.0,2022.0,OUTOBRO,10.0,53480.7,Tranferencia bancária,Sim,Atendimento,Sim,Não,6,,Detrator
Mirante,10113.0,2.0,Receitas Correntes,21.0,Receitas de serviços,211.0,Demanda, Morgan Freeman,2018-10-02,,1144.5,PCMSO,896.71,0.0,147,NÃO,GuiModas Fashion,11055417000187.0,2022.0,OUTOBRO,10.0,105282.8,Tranferencia bancária,,,,Sim,7,,Neutro
Mirante,10113.0,2.0,Receitas Correntes,21.0,Receitas de serviços,211.0,Prospecção, Sandra Bullock,2014-04-03,,1683.08,PCMAT,448.81,0.0008442055222948053,-,,Moinho Ventura,11055417000190.0,2022.0,OUTOBRO,10.0,-,,,,,Sim,9,,Promotor
Mirante,10113.0,2.0,Receitas Correntes,21.0,Receitas de serviços,211.0,Demanda, Sylvester Stallone,2015-11-03,,1828.18,PCMAT,448.81,0.0,192,,Sal da Terra LTDA,11055417000199.0,2022.0,OUTOBRO,10.0,68546.11,Tranferencia bancária,Sim,Atendimento,Sim,Não,1,,Detrator
Mirante,10113.0,2.0,Receitas Correntes,21.0,Receitas de serviços,211.0,Prospecção, Sylvester Stallone,2015-11-03,,1828.18,LTCAT,909.54,0.0,401,NÃO,Itamar Saúde,11055417000188.0,2022.0,NOVEMBRO,11.0,291051.48,Tranferencia bancária,,,,Sim,9,,Promotor
Mirante,10113.0,2.0,Receitas Correntes,21.0,Receitas de serviços,211.0,Demanda, Mel Gibson,2019-11-02,,1587.16,LTCAT,909.54,0.0,38,,Viemos Academia,11055417000203.0,2022.0,NOVEMBRO,11.0,27286.07,Tranferencia bancária,,,,Sim,7,,Neutro
Mirante,10113.0,2.0,Receitas Correntes,21.0,Receitas de serviços,211.0,Prospecção, Meryl Streep,2017-03-01,,1199.0,LTCAT,909.54,0.0,38,,Viemos Academia,11055417000203.0,2022.0,NOVEMBRO,11.0,27286.07,Tranferencia bancária,Sim,Informação / Sistemas,Sim,Não,5,,Detrator
Mirante,10113.0,2.0,Receitas Correntes,21.0,Receitas de serviços,211.0,Demanda, Morgan Freeman,2018-10-02,,1144.5,PCMSO,815.2,0.0,69,NÃO,GuiModas Fashion,11055417000187.0,2022.0,NOVEMBRO,11.0,44835.88,Tranferencia bancária,,,,Sim,8,,Neutro
Mirante,10113.0,2.0,Receitas Correntes,21.0,Receitas de serviços,211.0,Prospecção, Sandra Bullock,2014-04-03,,1683.08,PCMAT,408.01,0.0008442055222948053,-,,Moinho Ventura,11055417000190.0,2022.0,NOVEMBRO,11.0,-,,,,,Sim,8,,Neutro
Mirante,10113.0,2.0,Receitas Correntes,21.0,Receitas de serviços,211.0,Demanda, Sylvester Stallone,2015-11-03,,1828.18,PCMAT,408.01,0.0,75,,Sal da Terra LTDA,11055417000199.0,2022.0,DEZEMBRO,11.0,24480.75,PIX,Sim,Informação / Sistemas,Sim,Não,4,,Detrator
Mirante,10113.0,2.0,Receitas Correntes,21.0,Receitas de serviços,211.0,Prospecção, Sylvester Stallone,2015-11-03,,1828.18,LTCAT,909.54,0.0,539,NÃO,Itamar Saúde,11055417000188.0,2022.0,DEZEMBRO,12.0,391100.42,Boleto bancário,,,,Sim,8,,Neutro
Mirante,10113.0,2.0,Receitas Correntes,21.0,Receitas de serviços,211.0,Demanda, Mel Gibson,2019-11-02,,1587.16,LTCAT,909.54,0.0,84,,Viemos Academia,11055417000203.0,2022.0,DEZEMBRO,12.0,60938.9,Tranferencia bancária,,,,Sim,9,,Promotor
Mirante,10113.0,2.0,Receitas Correntes,21.0,Receitas de serviços,211.0,Prospecção, Meryl Streep,2017-03-01,,1199.0,LTCAT,909.54,0.0,70,,Viemos Academia,11055417000203.0,2022.0,DEZEMBRO,12.0,50934.01,Tranferencia bancária,Sim,Atendimento,Sim,Não,4,,Detrator
Mirante,10113.0,2.0,Receitas Correntes,21.0,Receitas de serviços,211.0,Demanda, Morgan Freeman,2018-10-02,,1144.5,PCMSO,815.2,0.0,154,NÃO,GuiModas Fashion,11055417000187.0,2022.0,DEZEMBRO,12.0,100269.33,Tranferencia bancária,,,,Sim,9,,Promotor
Mirante,10113.0,2.0,Receitas Correntes,21.0,Receitas de serviços,211.0,Prospecção, Sandra Bullock,2014-04-03,,1683.08,PCMAT,408.01,0.0008442055222948053,-,,Moinho Ventura,11055417000190.0,2022.0,DEZEMBRO,12.0,-,,,,,Sim,9,,Promotor
Mirante,10113.0,2.0,Receitas Correntes,21.0,Receitas de serviços,211.0,Demanda, Sylvester Stallone,2015-11-03,,1828.18,PCMAT,408.01,0.0,200,,Sal da Terra LTDA,11055417000199.0,2022.0,DEZEMBRO,12.0,65282.02,Tranferencia bancária,Sim,Atendimento,Sim,Não,5,,Detrator
Mirante,10113.0,2.0,Receitas Correntes,21.0,Receitas de serviços,211.0,Prospecção, Sylvester Stallone,2015-11-03,,1828.18,LTCAT,1000.49,0.0,292,NÃO,Itamar Saúde,11055417000188.0,2023.0,JANEIRO,1.0,232841.18,Tranferencia bancária,,,,Sim,9,,Promotor
Mirante,10113.0,2.0,Receitas Correntes,21.0,Receitas de serviços,211.0,Demanda, Mel Gibson,2019-11-02,,1587.16,LTCAT,1000.49,0.0,28,,Viemos Academia,11055417000203.0,2023.0,JANEIRO,1.0,21828.86,Tranferencia bancária,,,,Sim,9,,Promotor
Mirante,10113.0,2.0,Receitas Correntes,21.0,Receitas de serviços,211.0,Prospecção, Meryl Streep,2017-03-01,,1199.0,LTCAT,1000.49,0.0,28,,Viemos Academia,11055417000203.0,2023.0,JANEIRO,1.0,21828.86,Tranferencia bancária,Sim,Informação / Sistemas,Sim,Não,4,,Detrator
Mirante,10113.0,2.0,Receitas Correntes,21.0,Receitas de serviços,211.0,Demanda, Morgan Freeman,2018-10-02,,1144.5,PCMSO,896.71,0.0,51,NÃO,GuiModas Fashion,11055417000187.0,2023.0,JANEIRO,1.0,35868.71,Tranferencia bancária,,,,Sim,7,,Neutro
Mirante,10113.0,2.0,Receitas Correntes,21.0,Receitas de serviços,211.0,Prospecção, Sandra Bullock,2014-04-03,,1683.08,PCMAT,448.81,0.0008442055222948053,-,,Moinho Ventura,11055417000190.0,2023.0,JANEIRO,1.0,-,,,,,Sim,10,,Promotor
Mirante,10113.0,2.0,Receitas Correntes,21.0,Receitas de serviços,211.0,Demanda, Sylvester Stallone,2015-11-03,,1828.18,PCMAT,448.81,0.0,55,,Sal da Terra LTDA,11055417000199.0,2023.0,FEVEREIRO,2.0,19584.6,PIX,Sim,Informação / Sistemas,Sim,Não,5,,Detrator
Mirante,10113.0,2.0,Receitas Correntes,21.0,Receitas de serviços,211.0,Prospecção, Sylvester Stallone,2015-11-03,,1828.18,LTCAT,1000.49,0.0,392,NÃO,Itamar Saúde,11055417000188.0,2023.0,FEVEREIRO,2.0,312880.33,Boleto bancário,,,,Sim,7,,Neutro
Mirante,10113.0,2.0,Receitas Correntes,21.0,Receitas de serviços,211.0,Demanda, Mel Gibson,2019-11-02,,1587.16,LTCAT,1000.49,0.0,61,,Viemos Academia,11055417000203.0,2023.0,FEVEREIRO,2.0,48751.12,Tranferencia bancária,,,,Sim,6,,Detrator
Mirante,10113.0,2.0,Receitas Correntes,21.0,Receitas de serviços,211.0,Prospecção, Meryl Streep,2017-03-01,,1199.0,LTCAT,1000.49,0.0,52,,Viemos Academia,11055417000203.0,2023.0,FEVEREIRO,2.0,40747.2,Tranferencia bancária,Sim,Atendimento,Sim,Não,5,,Detrator
Mirante,10113.0,2.0,Receitas Correntes,21.0,Receitas de serviços,211.0,Demanda, Morgan Freeman,2018-10-02,,1144.5,PCMSO,896.71,0.0,112,NÃO,GuiModas Fashion,11055417000187.0,2023.0,FEVEREIRO,2.0,80215.47,Tranferencia bancária,,,,Sim,9,,Promotor
Mirante,10113.0,2.0,Receitas Correntes,21.0,Receitas de serviços,211.0,Prospecção, Sandra Bullock,2014-04-03,,1683.08,PCMAT,448.81,0.0008442055222948053,-,,Moinho Ventura,11055417000190.0,2023.0,FEVEREIRO,2.0,-,,,,,Sim,8,,Neutro
Mirante,10113.0,2.0,Receitas Correntes,21.0,Receitas de serviços,211.0,Demanda, Sylvester Stallone,2015-11-03,,1828.18,PCMAT,448.81,0.0,145,,Sal da Terra LTDA,11055417000199.0,2023.0,FEVEREIRO,2.0,52225.61,Tranferencia bancária,Sim,Atendimento,Sim,Não,5,,Detrator
Sol Leste,10110.0,2.0,Receitas Correntes,21.0,Receitas de serviços,211.0,Prospecção,Píndaro do Carvalho,2017-09-03,,1243.34,LTCAT,840.52,0.10863513063341723,14,,Agua Viva AS,11055417000177.0,2022.0,JANEIRO,1.0,10488.94,Tranferencia bancária,,,,Sim,3,Novo Cliente,Detrator
Sol Leste,10110.0,2.0,Receitas Correntes,21.0,Receitas de serviços,211.0,Prospecção,Sebastião Lazaroni,2021-12-03,,1243.56,PCMSO,753.34,0.10748339191007827,26,,Controle AS,11055417000186.0,2022.0,JANEIRO,1.0,17481.58,Tranferencia bancária,Sim,Prazo de Entrega,Sim,Não,6,Novo Cliente,Detrator
Sol Leste,10110.0,2.0,Receitas Correntes,21.0,Receitas de serviços,211.0,Prospecção,Telê Santana,2021-12-03,,1243.34,PCMAT,377.05,0.1306734296954427,72,,Vereda Tropical,11055417000201.0,2022.0,JANEIRO,1.0,23600.13,Espécie,,,,Sim,10,Novo Cliente,Promotor
Sol Leste,10110.0,2.0,Receitas Correntes,21.0,Receitas de serviços,211.0,Prospecção,Tite,2007-07-02,,1802.01,PCMAT,377.05,0.0,-,NÃO,Real Avenida LTDA,11055417000194.0,2022.0,JANEIRO,1.0,-,,,,,Sim,7,Novo Cliente,Neutro
Sol Leste,10110.0,2.0,Receitas Correntes,21.0,Receitas de serviços,211.0,Prospecção,Vicente Feola,2016-07-03,,1466.73,PCMAT,377.05,0.1306734296954427,72,,Viemos Academia,11055417000203.0,2022.0,JANEIRO,1.0,23600.13,PIX,Sim,Prazo de Entrega,Sim,Não,7,Novo Cliente,Neutro
Sol Leste,10110.0,2.0,Receitas Correntes,21.0,Receitas de serviços,211.0,Prospecção,Zezé Moreira,2021-12-03,,2014.58,PCMAT,377.05,0.12284197737055447,37,NÃO,Norte Via,11055417000191.0,2022.0,JANEIRO,1.0,12237.1,Tranferencia bancária,,,,Sim,6,Novo Cliente,Detrator
Sol Leste,10110.0,2.0,Receitas Correntes,21.0,Receitas de serviços,211.0,Prospecção,Tite,2007-07-02,,1802.01,LTCAT,840.52,0.1333949354103544,18,,Area viva modas,11055417000178.0,2022.0,FEVEREIRO,2.0,13111.18,Tranferencia bancária,,,,Sim,8,Novo Cliente,Neutro
Sol Leste,10110.0,2.0,Receitas Correntes,21.0,Receitas de serviços,211.0,Prospecção,Tite,2007-07-02,,1802.01,LTCAT,840.52,0.0,-,NÃO,Rio Sul Varejo,11055417000197.0,2022.0,FEVEREIRO,2.0,-,,Sim,Prazo de Entrega,Sim,Não,5,Novo Cliente,Detrator
Sol Leste,10110.0,2.0,Receitas Correntes,21.0,Receitas de serviços,211.0,Prospecção,Vicente Feola,2016-07-03,,1466.73,PCMAT,377.05,0.13067398223047344,48,,Agua Viva AS,11055417000177.0,2022.0,FEVEREIRO,2.0,15733.41,Tranferencia bancária,,,,Sim,10,Novo Cliente,Promotor
Sol Leste,10110.0,2.0,Receitas Correntes,21.0,Receitas de serviços,211.0,Prospecção,Zezé Moreira,2021-12-03,,2014.58,PCMAT,377.05,0.1349981296276871,67,,Controle AS,11055417000186.0,2022.0,FEVEREIRO,2.0,21851.98,Tranferencia bancária,,,,Sim,7,Novo Cliente,Neutro
Sol Leste,10110.0,2.0,Receitas Correntes,21.0,Receitas de serviços,211.0,Prospecção,Vicente Feola,2016-07-03,,1466.73,PCMAT,377.05,0.0,-,NÃO,Viemos Academia,11055417000203.0,2022.0,FEVEREIRO,2.0,-,,,,,Sim,8,Novo Cliente,Neutro
Sol Leste,10110.0,2.0,Receitas Correntes,21.0,Receitas de serviços,211.0,Demanda,Zezé Moreira,2021-12-03,,2014.58,PCMAT,377.05,0.13836666341991222,113,,Norte Via,11055417000191.0,2022.0,FEVEREIRO,2.0,36711.31,Tranferencia bancária,Sim,Prazo de Entrega,Não,Não,1,,Detrator
Sol Leste,10110.0,2.0,Receitas Correntes,21.0,Receitas de serviços,211.0,Prospecção,Vicente Feola,2016-07-03,,1466.73,PCMAT,377.05,0.13067398223047344,32,,Area viva modas,11055417000178.0,2022.0,MARÇO,3.0,10488.94,Tranferencia bancária,,,,Sim,8,Novo Cliente,Neutro
Sol Leste,10110.0,2.0,Receitas Correntes,21.0,Receitas de serviços,211.0,Demanda,Zezé Moreira,2021-12-03,,2014.58,PCMAT,377.05,0.17207077500142076,14,,Rio Sul Varejo,11055417000197.0,2022.0,MARÇO,3.0,4370.39,PIX,,,,Sim,8,,Neutro
Sol Leste,10110.0,2.0,Receitas Correntes,21.0,Receitas de serviços,211.0,Prospecção,Vicente Feola,2016-07-03,,1466.73,PCMAT,377.05,0.0,-,NÃO,Viemos Academia,11055417000203.0,2022.0,MARÇO,3.0,-,,Sim,Prazo de Entrega,Sim,Não,1,Novo Cliente,Detrator
Sol Leste,10110.0,2.0,Receitas Correntes,21.0,Receitas de serviços,211.0,Prospecção,Zezé Moreira,2021-12-03,,2014.58,LTCAT,840.52,0.14577455452746935,28,,Norte Via,11055417000191.0,2022.0,MARÇO,3.0,20103.82,Tranferencia bancária,,,,Sim,7,Novo Cliente,Neutro
Sol Leste,10110.0,2.0,Receitas Correntes,21.0,Receitas de serviços,211.0,Prospecção,Píndaro do Carvalho,2017-09-03,,1243.34,LTCAT,840.52,0.0,-,NÃO,Area viva modas,11055417000178.0,2022.0,MARÇO,3.0,-,,,,,Sim,8,Novo Cliente,Neutro
Sol Leste,10110.0,2.0,Receitas Correntes,21.0,Receitas de serviços,211.0,Prospecção,Sebastião Lazaroni,2021-12-03,,1243.56,PCMAT,377.05,0.1360728637897507,161,NÃO,Rio Sul Varejo,11055417000197.0,2022.0,MARÇO,3.0,52444.74,Tranferencia bancária,Sim,Prazo de Entrega,Não,Não,9,Novo Cliente,Promotor
Sol Leste,10110.0,2.0,Receitas Correntes,21.0,Receitas de serviços,211.0,Prospecção,Píndaro do Carvalho,2017-09-03,,1243.34,PCMAT,377.05,0.0,-,NÃO,Rio Sul Varejo,11055417000197.0,2022.0,MARÇO,3.0,-,,,,,Sim,8,Novo Cliente,Neutro
Sol Leste,10110.0,2.0,Receitas Correntes,21.0,Receitas de serviços,211.0,Prospecção,Vicente Feola,2016-07-03,,1466.73,PCMAT,377.05,0.006492429229756458,-,,Area viva modas,11055417000178.0,2022.0,ABRIL,4.0,-,,,,,Sim,8,Novo Cliente,Neutro
Sol Leste,10110.0,2.0,Receitas Correntes,21.0,Receitas de serviços,211.0,Demanda,Zezé Moreira,2021-12-03,,2014.58,PCMAT,377.05,0.03408986175115214,108,,Rio Sul Varejo,11055417000197.0,2022.0,ABRIL,4.0,35065.95,PIX,,,,Sim,10,,Promotor
Sol Leste,10110.0,2.0,Receitas Correntes,21.0,Receitas de serviços,211.0,Prospecção,Vicente Feola,2016-07-03,,1466.73,PCMAT,377.05,0.0,490,NÃO,Viemos Academia,11055417000203.0,2022.0,ABRIL,4.0,159493.51,Tranferencia bancária,Sim,Qualidade do Serviço/produto,Sim,Não,3,Novo Cliente,Detrator
Sol Leste,10110.0,2.0,Receitas Correntes,21.0,Receitas de serviços,211.0,Prospecção,Zezé Moreira,2021-12-03,,2014.58,LTCAT,840.52,0.003405974366041953,463,,Norte Via,11055417000191.0,2022.0,ABRIL,4.0,336208.7,Tranferencia bancária,,,,Sim,7,Novo Cliente,Neutro
Sol Leste,10110.0,2.0,Receitas Correntes,21.0,Receitas de serviços,211.0,Prospecção,Píndaro do Carvalho,2017-09-03,,1243.34,LTCAT,840.52,0.0,436,NÃO,Area viva modas,11055417000178.0,2022.0,ABRIL,4.0,316036.17,Tranferencia bancária,,,,Sim,7,Novo Cliente,Neutro
Sol Leste,10110.0,2.0,Receitas Correntes,21.0,Receitas de serviços,211.0,Prospecção,Sebastião Lazaroni,2021-12-03,,1243.56,PCMAT,377.05,0.0,174,NÃO,Rio Sul Varejo,11055417000197.0,2022.0,ABRIL,4.0,62616.67,Tranferencia bancária,Sim,Qualidade do Serviço/produto,Não,Não,5,Novo Cliente,Detrator
Sol Leste,10110.0,2.0,Receitas Correntes,21.0,Receitas de serviços,211.0,Prospecção,Píndaro do Carvalho,2017-09-03,,1243.34,PCMAT,377.05,0.0,-,NÃO,Rio Sul Varejo,11055417000197.0,2022.0,ABRIL,4.0,-,,,,,Sim,8,Novo Cliente,Neutro
Sol Leste,10110.0,2.0,Receitas Correntes,21.0,Receitas de serviços,211.0,Prospecção,Vicente Feola,2016-07-03,,1466.73,PCMAT,377.05,0.006492429229756458,-,,Area viva modas,11055417000178.0,2022.0,MAIO,5.0,-,,,,,Sim,8,Novo Cliente,Neutro
Sol Leste,10110.0,2.0,Receitas Correntes,21.0,Receitas de serviços,211.0,Demanda,Zezé Moreira,2021-12-03,,2014.58,PCMAT,377.05,0.03408986175115214,116,,Rio Sul Varejo,11055417000197.0,2022.0,MAIO,5.0,37705.33,Tranferencia bancária,,,,Sim,2,,Detrator
Sol Leste,10110.0,2.0,Receitas Correntes,21.0,Receitas de serviços,211.0,Prospecção,Vicente Feola,2016-07-03,,1466.73,PCMAT,377.05,0.0,139,NÃO,Viemos Academia,11055417000203.0,2022.0,MAIO,5.0,45246.38,Tranferencia bancária,Sim,Atendimento,Sim,Não,5,Novo Cliente,Detrator
Sol Leste,10110.0,2.0,Receitas Correntes,21.0,Receitas de serviços,211.0,Prospecção,Zezé Moreira,2021-12-03,,2014.58,LTCAT,840.52,0.003405974366041953,521,,Norte Via,11055417000191.0,2022.0,MAIO,5.0,378234.78,Tranferencia bancária,,,,Sim,8,Novo Cliente,Neutro
Sol Leste,10110.0,2.0,Receitas Correntes,21.0,Receitas de serviços,211.0,Prospecção,Píndaro do Carvalho,2017-09-03,,1243.34,LTCAT,840.52,0.0,628,NÃO,Area viva modas,11055417000178.0,2022.0,MAIO,5.0,455562.78,Tranferencia bancária,,,,Sim,0,Novo Cliente,Detrator
Sol Leste,10110.0,2.0,Receitas Correntes,21.0,Receitas de serviços,211.0,Prospecção,Sebastião Lazaroni,2021-12-03,,1243.56,PCMAT,377.05,0.0,267,NÃO,Rio Sul Varejo,11055417000197.0,2022.0,MAIO,5.0,92780.93,PIX,Sim,Atendimento,Não,Não,4,Novo Cliente,Detrator
Sol Leste,10110.0,2.0,Receitas Correntes,21.0,Receitas de serviços,211.0,Prospecção,Píndaro do Carvalho,2017-09-03,,1243.34,PCMAT,377.05,0.0,-,NÃO,Rio Sul Varejo,11055417000197.0,2022.0,MAIO,5.0,-,,,,,Sim,9,Novo Cliente,Promotor
Sol Leste,10110.0,2.0,Receitas Correntes,21.0,Receitas de serviços,211.0,Prospecção,Píndaro do Carvalho,2017-09-03,,1243.34,LTCAT,924.58,0.149158845869785,14,,Agua Viva AS,11055417000177.0,2022.0,JUNHO,6.0,11013.39,Tranferencia bancária,,,,Sim,8,,Neutro
Sol Leste,10110.0,2.0,Receitas Correntes,21.0,Receitas de serviços,211.0,Prospecção,Sebastião Lazaroni,2021-12-03,,1243.56,PCMSO,828.67,0.11397009666091451,25,,Controle AS,11055417000186.0,2022.0,JUNHO,6.0,18355.66,Tranferencia bancária,Sim,Prazo de Entrega,Sim,Não,3,,Detrator
Sol Leste,10110.0,2.0,Receitas Correntes,21.0,Receitas de serviços,211.0,Prospecção,Telê Santana,2021-12-03,,1243.34,PCMAT,414.76,0.13412016867446297,69,,Vereda Tropical,11055417000201.0,2022.0,JUNHO,6.0,24780.13,Tranferencia bancária,,,,Sim,8,,Neutro
Sol Leste,10110.0,2.0,Receitas Correntes,21.0,Receitas de serviços,211.0,Prospecção,Tite,2007-07-02,,1802.01,PCMAT,414.76,0.0,-,NÃO,Real Avenida LTDA,11055417000194.0,2022.0,JUNHO,6.0,-,,,,,Sim,8,,Neutro
Sol Leste,10110.0,2.0,Receitas Correntes,21.0,Receitas de serviços,211.0,Prospecção,Vicente Feola,2016-07-03,,1466.73,PCMAT,414.76,0.13412016867446297,69,,Viemos Academia,11055417000203.0,2022.0,JUNHO,6.0,24780.13,PIX,Sim,Prazo de Entrega,Sim,Não,3,,Detrator
Sol Leste,10110.0,2.0,Receitas Correntes,21.0,Receitas de serviços,211.0,Prospecção,Zezé Moreira,2021-12-03,,2014.58,PCMAT,414.76,0.13946552758757402,36,NÃO,Norte Via,11055417000191.0,2022.0,JUNHO,6.0,12848.95,Tranferencia bancária,,,,Sim,9,,Promotor
Sol Leste,10110.0,2.0,Receitas Correntes,21.0,Receitas de serviços,211.0,Prospecção,Tite,2007-07-02,,1802.01,LTCAT,924.58,0.12413394698769431,17,,Area viva modas,11055417000178.0,2022.0,JULHO,7.0,13766.74,Tranferencia bancária,,,,Sim,9,,Promotor
Sol Leste,10110.0,2.0,Receitas Correntes,21.0,Receitas de serviços,211.0,Prospecção,Tite,2007-07-02,,1802.01,LTCAT,924.58,0.0,-,NÃO,Rio Sul Varejo,11055417000197.0,2022.0,JULHO,7.0,-,,Sim,Prazo de Entrega,Sim,Não,4,,Detrator
Sol Leste,10110.0,2.0,Receitas Correntes,21.0,Receitas de serviços,211.0,Prospecção,Vicente Feola,2016-07-03,,1466.73,PCMAT,414.76,0.13412051809951897,46,,Agua Viva AS,11055417000177.0,2022.0,JULHO,7.0,16520.08,Tranferencia bancária,,,,Sim,7,,Neutro
Sol Leste,10110.0,2.0,Receitas Correntes,21.0,Receitas de serviços,211.0,Prospecção,Zezé Moreira,2021-12-03,,2014.58,PCMAT,414.76,0.1219029708517606,63,,Controle AS,11055417000186.0,2022.0,JULHO,7.0,22944.57,Tranferencia bancária,,,,Sim,6,,Detrator
Sol Leste,10110.0,2.0,Receitas Correntes,21.0,Receitas de serviços,211.0,Prospecção,Vicente Feola,2016-07-03,,1466.73,PCMAT,414.76,0.0,-,NÃO,Viemos Academia,11055417000203.0,2022.0,JULHO,7.0,-,,,,,Sim,6,,Detrator
Sol Leste,10110.0,2.0,Receitas Correntes,21.0,Receitas de serviços,211.0,Demanda,Zezé Moreira,2021-12-03,,2014.58,PCMAT,414.76,0.13946508110000244,108,,Norte Via,11055417000191.0,2022.0,JULHO,7.0,38546.87,Tranferencia bancária,Sim,Prazo de Entrega,Não,Não,3,,Detrator
Sol Leste,10110.0,2.0,Receitas Correntes,21.0,Receitas de serviços,211.0,Prospecção,Vicente Feola,2016-07-03,,1466.73,PCMAT,414.76,0.14343079091211708,31,,Area viva modas,11055417000178.0,2022.0,AGOSTO,8.0,11013.39,Tranferencia bancária,,,,Sim,8,,Neutro
Sol Leste,10110.0,2.0,Receitas Correntes,21.0,Receitas de serviços,211.0,Demanda,Zezé Moreira,2021-12-03,,2014.58,PCMAT,414.76,0.14892208283567143,13,,Rio Sul Varejo,11055417000197.0,2022.0,AGOSTO,8.0,4588.91,PIX,,,,Sim,9,,Promotor
Sol Leste,10110.0,2.0,Receitas Correntes,21.0,Receitas de serviços,211.0,Prospecção,Vicente Feola,2016-07-03,,1466.73,PCMAT,414.76,0.0,-,NÃO,Viemos Academia,11055417000203.0,2022.0,AGOSTO,8.0,-,,Sim,Prazo de Entrega,Sim,Não,0,,Detrator
Sol Leste,10110.0,2.0,Receitas Correntes,21.0,Receitas de serviços,211.0,Prospecção,Zezé Moreira,2021-12-03,,2014.58,LTCAT,924.58,0.12188777607129742,26,,Norte Via,11055417000191.0,2022.0,AGOSTO,8.0,21109.01,Tranferencia bancária,,,,Sim,6,,Detrator
Sol Leste,10110.0,2.0,Receitas Correntes,21.0,Receitas de serviços,211.0,Prospecção,Píndaro do Carvalho,2017-09-03,,1243.34,LTCAT,924.58,0.0,-,NÃO,Place II Vivendas ,11055417000166.0,2022.0,AGOSTO,8.0,-,,,,,Sim,8,Novo Cliente,Neutro
Sol Leste,10110.0,2.0,Receitas Correntes,21.0,Receitas de serviços,211.0,Prospecção,Sebastião Lazaroni,2021-12-03,,1243.56,PCMAT,414.76,0.13786834006961313,154,NÃO,Place II Vivendas ,11055417001197.0,2022.0,AGOSTO,8.0,55066.97,Tranferencia bancária,Sim,Prazo de Entrega,Não,Não,3,Novo Cliente,Detrator
Sol Leste,10110.0,2.0,Receitas Correntes,21.0,Receitas de serviços,211.0,Prospecção,Píndaro do Carvalho,2017-09-03,,1243.34,PCMAT,414.76,0.0,-,NÃO,Place I Vivendas ,11055417002197.0,2022.0,AGOSTO,8.0,-,,,,,Sim,6,Novo Cliente,Detrator
Sol Leste,10110.0,2.0,Receitas Correntes,21.0,Receitas de serviços,211.0,Prospecção,Vicente Feola,2016-07-03,,1466.73,PCMAT,414.76,0.006492429229756458,-,,Água viva Aviamentos,11055417006178.0,2022.0,SETEMBRO,9.0,-,,,,,Sim,8,Novo Cliente,Neutro
Sol Leste,10110.0,2.0,Receitas Correntes,21.0,Receitas de serviços,211.0,Demanda,Zezé Moreira,2021-12-03,,2014.58,PCMAT,414.76,0.03408986175115214,104,,Rio Sul Varejo,11055417000197.0,2022.0,SETEMBRO,9.0,36819.25,PIX,,,,Sim,10,,Promotor
Sol Leste,10110.0,2.0,Receitas Correntes,21.0,Receitas de serviços,211.0,Prospecção,Vicente Feola,2016-07-03,,1466.73,PCMAT,414.76,0.0,468,NÃO,Saude Academia,11055417001203.0,2022.0,SETEMBRO,9.0,167468.2,Tranferencia bancária,Sim,Qualidade do Serviço/produto,Sim,Não,5,Novo Cliente,Detrator
Sol Leste,10110.0,2.0,Receitas Correntes,21.0,Receitas de serviços,211.0,Prospecção,Zezé Moreira,2021-12-03,,2014.58,LTCAT,924.58,0.003405974366041953,443,,Juazeirense Curtume,11055417003191.0,2022.0,SETEMBRO,9.0,353019.13,Tranferencia bancária,,,,Sim,8,Novo Cliente,Neutro
Sol Leste,10110.0,2.0,Receitas Correntes,21.0,Receitas de serviços,211.0,Prospecção,Píndaro do Carvalho,2017-09-03,,1243.34,LTCAT,924.58,0.0,416,NÃO,Comer Bem Alimentação Industrial,11055417009178.0,2022.0,SETEMBRO,9.0,331837.99,Tranferencia bancária,,,,Sim,6,Novo Cliente,Detrator
Sol Leste,10110.0,2.0,Receitas Correntes,21.0,Receitas de serviços,211.0,Prospecção,Sebastião Lazaroni,2021-12-03,,1243.56,PCMAT,414.76,0.0,184,NÃO,Cajuina São Bento,11055417000197.0,2022.0,SETEMBRO,9.0,65747.51,Tranferencia bancária,Sim,Qualidade do Serviço/produto,Não,Não,4,,Detrator
Sol Leste,10110.0,2.0,Receitas Correntes,21.0,Receitas de serviços,211.0,Prospecção,Píndaro do Carvalho,2017-09-03,,1243.34,PCMAT,414.76,0.0,-,NÃO,Cajuina São Bento,11055417000197.0,2022.0,SETEMBRO,9.0,-,,,,,Sim,10,,Promotor
Sol Leste,10110.0,2.0,Receitas Correntes,21.0,Receitas de serviços,211.0,Prospecção,Vicente Feola,2016-07-03,,1466.73,PCMAT,414.76,0.006492429229756458,-,,Area viva modas,11055417000178.0,2022.0,OUTOBRO,10.0,-,,,,,Sim,7,,Neutro
Sol Leste,10110.0,2.0,Receitas Correntes,21.0,Receitas de serviços,211.0,Demanda,Zezé Moreira,2021-12-03,,2014.58,PCMAT,414.76,0.03408986175115214,110,,Rio Sul Varejo,11055417000197.0,2022.0,OUTOBRO,10.0,39590.59,Tranferencia bancária,,,,Sim,7,,Neutro
Sol Leste,10110.0,2.0,Receitas Correntes,21.0,Receitas de serviços,211.0,Prospecção,Vicente Feola,2016-07-03,,1466.73,PCMAT,414.76,0.0,133,NÃO,Viemos Academia,11055417000203.0,2022.0,OUTOBRO,10.0,47508.71,Tranferencia bancária,Sim,Atendimento,Sim,Não,3,,Detrator
Sol Leste,10110.0,2.0,Receitas Correntes,21.0,Receitas de serviços,211.0,Prospecção,Zezé Moreira,2021-12-03,,2014.58,LTCAT,924.58,0.003405974366041953,498,,Norte Via,11055417000191.0,2022.0,OUTOBRO,10.0,397146.52,Tranferencia bancária,,,,Sim,4,,Detrator
Sol Leste,10110.0,2.0,Receitas Correntes,21.0,Receitas de serviços,211.0,Prospecção,Píndaro do Carvalho,2017-09-03,,1243.34,LTCAT,924.58,0.0,599,NÃO,Area viva modas,11055417000178.0,2022.0,OUTOBRO,10.0,478340.92,Tranferencia bancária,,,,Sim,6,,Detrator
Sol Leste,10110.0,2.0,Receitas Correntes,21.0,Receitas de serviços,211.0,Prospecção,Sebastião Lazaroni,2021-12-03,,1243.56,PCMAT,414.76,0.0,273,NÃO,Rio Sul Varejo,11055417000197.0,2022.0,OUTOBRO,10.0,97419.98,PIX,Sim,Atendimento,Não,Não,2,,Detrator
Sol Leste,10110.0,2.0,Receitas Correntes,21.0,Receitas de serviços,211.0,Prospecção,Píndaro do Carvalho,2017-09-03,,1243.34,PCMAT,414.76,0.0,-,NÃO,Rio Sul Varejo,11055417000197.0,2022.0,OUTOBRO,10.0,-,,,,,Sim,7,,Neutro
Sol Leste,10110.0,2.0,Receitas Correntes,21.0,Receitas de serviços,211.0,Prospecção,Vicente Feola,2016-07-03,,1466.73,PCMAT,377.05,0.006492429229756458,-,,Condominio Pais das Maravilhas,11055417007178.0,2022.0,NOVEMBRO,11.0,-,,,,,Sim,8,Novo Cliente,Neutro
Sol Leste,10110.0,2.0,Receitas Correntes,21.0,Receitas de serviços,211.0,Demanda,Zezé Moreira,2021-12-03,,2014.58,PCMAT,377.05,0.03408986175115214,108,,Rio Sul Varejo,11055417000197.0,2022.0,NOVEMBRO,11.0,35065.95,PIX,,,,Sim,7,,Neutro
Sol Leste,10110.0,2.0,Receitas Correntes,21.0,Receitas de serviços,211.0,Prospecção,Vicente Feola,2016-07-03,,1466.73,PCMAT,377.05,0.0,490,NÃO,Vila do Sossego,11055417007203.0,2022.0,NOVEMBRO,11.0,159493.51,Tranferencia bancária,Sim,Qualidade do Serviço/produto,Sim,Não,0,Novo Cliente,Detrator
Sol Leste,10110.0,2.0,Receitas Correntes,21.0,Receitas de serviços,211.0,Prospecção,Zezé Moreira,2021-12-03,,2014.58,LTCAT,840.52,0.003405974366041953,463,,Do Leme ao Pontal ,11055417007191.0,2022.0,NOVEMBRO,11.0,336208.7,Tranferencia bancária,,,,Sim,9,Novo Cliente,Promotor
Sol Leste,10110.0,2.0,Receitas Correntes,21.0,Receitas de serviços,211.0,Prospecção,Píndaro do Carvalho,2017-09-03,,1243.34,LTCAT,840.52,0.0,436,NÃO,Area viva modas,11055417000178.0,2022.0,NOVEMBRO,11.0,316036.17,Tranferencia bancária,,,,Sim,7,,Neutro
Sol Leste,10110.0,2.0,Receitas Correntes,21.0,Receitas de serviços,211.0,Prospecção,Sebastião Lazaroni,2021-12-03,,1243.56,PCMAT,377.05,0.0,174,NÃO,Rio Sul Varejo,11055417000197.0,2022.0,NOVEMBRO,11.0,62616.67,Tranferencia bancária,Sim,Qualidade do Serviço/produto,Não,Não,1,,Detrator
Sol Leste,10110.0,2.0,Receitas Correntes,21.0,Receitas de serviços,211.0,Prospecção,Píndaro do Carvalho,2017-09-03,,1243.34,PCMAT,377.05,0.0,-,NÃO,Rio Sul Varejo,11055417000197.0,2022.0,NOVEMBRO,11.0,-,,,,,Sim,7,,Neutro
Sol Leste,10110.0,2.0,Receitas Correntes,21.0,Receitas de serviços,211.0,Prospecção,Vicente Feola,2016-07-03,,1466.73,PCMAT,377.05,0.006492429229756458,-,,Viva a Vida Condominio,11055417003178.0,2022.0,DEZEMBRO,12.0,-,,,,,Sim,7,Novo Cliente,Neutro
Sol Leste,10110.0,2.0,Receitas Correntes,21.0,Receitas de serviços,211.0,Demanda,Zezé Moreira,2021-12-03,,2014.58,PCMAT,377.05,0.03408986175115214,116,,Rio Sul Varejo,11055417000197.0,2022.0,DEZEMBRO,12.0,37705.33,Tranferencia bancária,,,,Sim,7,,Neutro
Sol Leste,10110.0,2.0,Receitas Correntes,21.0,Receitas de serviços,211.0,Prospecção,Vicente Feola,2016-07-03,,1466.73,PCMAT,377.05,0.0,139,NÃO,Viemos Academia,11055417000203.0,2022.0,DEZEMBRO,12.0,45246.38,Tranferencia bancária,Sim,Atendimento,Sim,Não,1,,Detrator
Sol Leste,10110.0,2.0,Receitas Correntes,21.0,Receitas de serviços,211.0,Prospecção,Zezé Moreira,2021-12-03,,2014.58,LTCAT,840.52,0.003405974366041953,521,,Norte Via,11055417000191.0,2022.0,DEZEMBRO,12.0,378234.78,Tranferencia bancária,,,,Sim,7,,Neutro
Sol Leste,10110.0,2.0,Receitas Correntes,21.0,Receitas de serviços,211.0,Prospecção,Píndaro do Carvalho,2017-09-03,,1243.34,LTCAT,840.52,0.0,628,NÃO,Area viva modas,11055417000178.0,2022.0,DEZEMBRO,12.0,455562.78,Tranferencia bancária,,,,Sim,6,,Detrator
Sol Leste,10110.0,2.0,Receitas Correntes,21.0,Receitas de serviços,211.0,Prospecção,Sebastião Lazaroni,2021-12-03,,1243.56,PCMAT,377.05,0.0,267,NÃO,Vila Madalena Representações,11055417000197.0,2022.0,DEZEMBRO,12.0,92780.93,PIX,Sim,Atendimento,Não,Não,6,Novo Cliente,Detrator
Sol Leste,10110.0,2.0,Receitas Correntes,21.0,Receitas de serviços,211.0,Prospecção,Píndaro do Carvalho,2017-09-03,,1243.34,PCMAT,377.05,0.0,-,NÃO,Rio Sul Varejo,11055417000197.0,2022.0,DEZEMBRO,12.0,-,,,,,Sim,8,,Neutro
Sol Leste,10110.0,2.0,Receitas Correntes,21.0,Receitas de serviços,211.0,Prospecção,Vicente Feola,2016-07-03,,1466.73,PCMAT,414.76,0.006492429229756458,-,,Condominio Pais das Maravilhas,11055417007178.0,2023.0,JANEIRO,1.0,-,,,,,Sim,9,Novo Cliente,Promotor
Sol Leste,10110.0,2.0,Receitas Correntes,21.0,Receitas de serviços,211.0,Demanda,Zezé Moreira,2021-12-03,,2014.58,PCMAT,414.76,0.03408986175115214,78,,Rio Sul Varejo,11055417000197.0,2023.0,JANEIRO,1.0,28052.76,PIX,,,,Sim,7,,Neutro
Sol Leste,10110.0,2.0,Receitas Correntes,21.0,Receitas de serviços,211.0,Prospecção,Vicente Feola,2016-07-03,,1466.73,PCMAT,414.76,0.0,357,NÃO,Vila do Sossego,11055417007203.0,2023.0,JANEIRO,1.0,127594.81,Tranferencia bancária,Sim,Qualidade do Serviço/produto,Sim,Não,1,Novo Cliente,Detrator
Sol Leste,10110.0,2.0,Receitas Correntes,21.0,Receitas de serviços,211.0,Prospecção,Zezé Moreira,2021-12-03,,2014.58,LTCAT,924.58,0.003405974366041953,337,,Do Leme ao Pontal ,11055417007191.0,2023.0,JANEIRO,1.0,268966.96,Tranferencia bancária,,,,Sim,8,Novo Cliente,Neutro
Sol Leste,10110.0,2.0,Receitas Correntes,21.0,Receitas de serviços,211.0,Prospecção,Píndaro do Carvalho,2017-09-03,,1243.34,LTCAT,924.58,0.0,316,NÃO,Area viva modas,11055417000178.0,2023.0,JANEIRO,1.0,252828.94,Tranferencia bancária,,,,Sim,7,,Neutro
Sol Leste,10110.0,2.0,Receitas Correntes,21.0,Receitas de serviços,211.0,Prospecção,Sebastião Lazaroni,2021-12-03,,1243.56,PCMAT,414.76,0.0,140,NÃO,Rio Sul Varejo,11055417000197.0,2023.0,JANEIRO,1.0,50093.33,Tranferencia bancária,Sim,Qualidade do Serviço/produto,Não,Não,1,,Detrator
Sol Leste,10110.0,2.0,Receitas Correntes,21.0,Receitas de serviços,211.0,Prospecção,Píndaro do Carvalho,2017-09-03,,1243.34,PCMAT,414.76,0.0,-,NÃO,Rio Sul Varejo,11055417000197.0,2023.0,JANEIRO,1.0,-,,,,,Sim,7,,Neutro
Sol Leste,10110.0,2.0,Receitas Correntes,21.0,Receitas de serviços,211.0,Prospecção,Vicente Feola,2016-07-03,,1466.73,PCMAT,414.76,0.006492429229756458,-,,Viva a Vida Condominio,11055417003178.0,2023.0,FEVEREIRO,2.0,-,,,,,Sim,8,Novo Cliente,Neutro
Sol Leste,10110.0,2.0,Receitas Correntes,21.0,Receitas de serviços,211.0,Demanda,Zezé Moreira,2021-12-03,,2014.58,PCMAT,414.76,0.03408986175115214,85,,Rio Sul Varejo,11055417000197.0,2023.0,FEVEREIRO,2.0,30164.26,Tranferencia bancária,,,,Sim,8,,Neutro
Sol Leste,10110.0,2.0,Receitas Correntes,21.0,Receitas de serviços,211.0,Prospecção,Vicente Feola,2016-07-03,,1466.73,PCMAT,414.76,0.0,101,NÃO,Viemos Academia,11055417000203.0,2023.0,FEVEREIRO,2.0,36197.11,Tranferencia bancária,Sim,Atendimento,Sim,Não,6,,Detrator
Sol Leste,10110.0,2.0,Receitas Correntes,21.0,Receitas de serviços,211.0,Prospecção,Zezé Moreira,2021-12-03,,2014.58,LTCAT,924.58,0.003405974366041953,378,,Norte Via,11055417000191.0,2023.0,FEVEREIRO,2.0,302587.83,Tranferencia bancária,,,,Sim,10,,Promotor
Sol Leste,10110.0,2.0,Receitas Correntes,21.0,Receitas de serviços,211.0,Prospecção,Píndaro do Carvalho,2017-09-03,,1243.34,LTCAT,924.58,0.0,457,NÃO,Area viva modas,11055417000178.0,2023.0,FEVEREIRO,2.0,364450.23,Tranferencia bancária,,,,Sim,7,,Neutro
Sol Leste,10110.0,2.0,Receitas Correntes,21.0,Receitas de serviços,211.0,Prospecção,Sebastião Lazaroni,2021-12-03,,1243.56,PCMAT,414.76,0.0,207,NÃO,Vila Madalena Representações,11055417000197.0,2023.0,FEVEREIRO,2.0,74224.74,PIX,Sim,Atendimento,Não,Não,5,Novo Cliente,Detrator
Sol Leste,10110.0,2.0,Receitas Correntes,21.0,Receitas de serviços,211.0,Prospecção,Píndaro do Carvalho,2017-09-03,,1243.34,PCMAT,414.76,0.0,-,NÃO,Rio Sul Varejo,11055417000197.0,2023.0,FEVEREIRO,2.0,-,,,,,Sim,3,,Detrator
Vitória,10112.0,2.0,Receitas Correntes,21.0,Receitas de serviços,211.0,Prospecção,Aurélio de Lira Tavares,2015-09-11,,1903.93,PCMAT,390.44,0.0,-,NÃO,Nova Data,11055417000192.0,2022.0,JANEIRO,1.0,-,,Sim,Prazo de Entrega,Sim,-,-,Novo Cliente,-
Vitória,10112.0,2.0,Receitas Correntes,21.0,Receitas de serviços,211.0,Prospecção,Café Filho,2004-07-03,,1669.2,PCMAT,390.44,0.16697255141212997,713,SIM,BelaDona,11055417000181.0,2022.0,JANEIRO,1.0,231901.28,Tranferencia bancária,,,,Sim,4,Novo Cliente,Detrator
Vitória,10112.0,2.0,Receitas Correntes,21.0,Receitas de serviços,211.0,Demanda,Carlos Luz,2006-07-03,,1634.8,LTCAT,870.35,0.0,-,NÃO,Suave Lazer,11055417000200.0,2022.0,FEVEREIRO,2.0,-,,,,,-,-,,-
Vitória,10112.0,2.0,Receitas Correntes,21.0,Receitas de serviços,211.0,Prospecção,Dilma Rousseff,2014-01-02,,1287.7,PCMSO,780.08,0.21296032938929343,128,SIM,Mário Silva,11055417000189.0,2022.0,FEVEREIRO,2.0,78586.1,Tranferencia bancária,,,,Sim,10,Novo Cliente,Promotor
Vitória,10112.0,2.0,Receitas Correntes,21.0,Receitas de serviços,211.0,Demanda,Emílio Garrastazu Médici,2011-06-03,,1403.23,PCMAT,390.44,0.16713486817701695,725,SIM,Rio Novo,11055417000196.0,2022.0,FEVEREIRO,2.0,235758.3,Tranferencia bancária,Sim,Prazo de Entrega,Sim,Não,4,,Detrator
Vitória,10112.0,2.0,Receitas Correntes,21.0,Receitas de serviços,211.0,Prospecção,Café Filho,2004-07-03,2022-02-10,1634.8,PCMAT,390.44,0.16656005551309838,644,NÃO,Nova Data,11055417000192.0,2022.0,FEVEREIRO,2.0,209562.94,Tranferencia bancária,,,,Sim,7,Novo Cliente,Neutro
Vitória,10112.0,2.0,Receitas Correntes,21.0,Receitas de serviços,211.0,Demanda,Carlos Luz,2006-07-03,,1634.8,PCMAT,390.44,0.16655046046368072,628,SIM,BelaDona,11055417000181.0,2022.0,MARÇO,3.0,204358.76,Tranferencia bancária,,,,Sim,8,,Neutro
Vitória,10112.0,2.0,Receitas Correntes,21.0,Receitas de serviços,211.0,Demanda,Dilma Rousseff,2014-01-02,,1287.7,PCMAT,390.44,0.1620342566653361,232,SIM,Suave Lazer,11055417000200.0,2022.0,MARÇO,3.0,75904.68,Tranferencia bancária,,,,Sim,9,,Promotor
Vitória,10112.0,2.0,Receitas Correntes,21.0,Receitas de serviços,211.0,Prospecção,Carlos Luz,2006-07-03,,1634.8,LTCAT,870.35,0.0,-,NÃO,BelaDona,11055417000181.0,2022.0,MARÇO,3.0,-,,,,,Sim,8,Novo Cliente,Neutro
Vitória,10112.0,2.0,Receitas Correntes,21.0,Receitas de serviços,211.0,Demanda,Carlos Luz,2006-07-03,,1634.8,LTCAT,870.35,0.290962004352048,492,SIM,BelaDona,11055417000181.0,2022.0,MARÇO,3.0,303618.72,Tranferencia bancária,Sim,Outros,Não,Não,5,,Detrator
Vitória,10112.0,2.0,Receitas Correntes,21.0,Receitas de serviços,211.0,Demanda,Carlos Luz,2006-07-03,,1634.8,PCMAT,390.44,0.0,64,SIM,BelaDona,11055417000181.0,2022.0,ABRIL,4.0,21083.55,Tranferencia bancária,,,,Sim,8,,Neutro
Vitória,10112.0,2.0,Receitas Correntes,21.0,Receitas de serviços,211.0,Demanda,Dilma Rousseff,2014-01-02,,1287.7,PCMAT,390.44,0.0,270,SIM,Suave Lazer,11055417000200.0,2022.0,ABRIL,4.0,87848.12,Tranferencia bancária,,,,Sim,7,,Neutro
Vitória,10112.0,2.0,Receitas Correntes,21.0,Receitas de serviços,211.0,Prospecção,Carlos Luz,2006-07-03,,1634.8,LTCAT,870.35,0.0,-,NÃO,BelaDona,11055417000181.0,2022.0,ABRIL,4.0,-,,,,,Sim,9,Novo Cliente,Promotor
Vitória,10112.0,2.0,Receitas Correntes,21.0,Receitas de serviços,211.0,Demanda,Carlos Luz,2006-07-03,,1634.8,LTCAT,870.35,0.14915890699437973,629,SIM,BelaDona,11055417000181.0,2022.0,ABRIL,4.0,456065.82,Tranferencia bancária,Sim,Qualidade do Serviço/produto,Não,Não,6,,Detrator
Vitória,10112.0,2.0,Receitas Correntes,21.0,Receitas de serviços,211.0,Demanda,Carlos Luz,2006-07-03,,1634.8,PCMAT,390.44,0.0,185,SIM,BelaDona,11055417000181.0,2022.0,MAIO,5.0,60127.16,Tranferencia bancária,,,,Sim,9,,Promotor
Vitória,10112.0,2.0,Receitas Correntes,21.0,Receitas de serviços,211.0,Demanda,Dilma Rousseff,2014-01-02,,1287.7,PCMAT,390.44,0.0,270,SIM,Suave Lazer,11055417000200.0,2022.0,MAIO,5.0,87848.12,Espécie,,,,Sim,8,,Neutro
Vitória,10112.0,2.0,Receitas Correntes,21.0,Receitas de serviços,211.0,Prospecção,Carlos Luz,2006-07-03,,1634.8,LTCAT,870.35,0.0,-,NÃO,BelaDona,11055417000181.0,2022.0,MAIO,5.0,-,,,,,Sim,10,Novo Cliente,Promotor
Vitória,10112.0,2.0,Receitas Correntes,21.0,Receitas de serviços,211.0,Demanda,Carlos Luz,2006-07-03,,1634.8,LTCAT,870.35,0.14915890699437973,780,SIM,BelaDona,11055417000181.0,2022.0,MAIO,5.0,565730.49,Tranferencia bancária,Sim,Qualidade do Serviço/produto,Não,Não,4,,Detrator
Vitória,10112.0,2.0,Receitas Correntes,21.0,Receitas de serviços,211.0,Prospecção,Aurélio de Lira Tavares,2015-09-11,,1903.93,PCMAT,429.48,0.0,-,NÃO,Nova Data,11055417000192.0,2022.0,JUNHO,6.0,-,,Sim,Prazo de Entrega,Sim,-,-,,-
Vitória,10112.0,2.0,Receitas Correntes,21.0,Receitas de serviços,211.0,Prospecção,Fabinho (Liverpool/ING),2022-06-03,,1669.2,PCMAT,429.48,0.16624087816182642,680,SIM,BelaDona,11055417000181.0,2022.0,JUNHO,6.0,243496.35,Tranferencia bancária,,,,Sim,7,,Neutro
Vitória,10112.0,2.0,Receitas Correntes,21.0,Receitas de serviços,211.0,Demanda,Carlos Luz,2006-07-03,,1634.8,LTCAT,957.39,0.0,-,NÃO,Suave Lazer,11055417000200.0,2022.0,JULHO,7.0,-,,,,,-,-,,-
Vitória,10112.0,2.0,Receitas Correntes,21.0,Receitas de serviços,211.0,Prospecção,Dilma Rousseff,2014-01-02,,1287.7,PCMSO,858.08,0.16380138874251116,115,SIM,Mário Silva,11055417000189.0,2022.0,JULHO,7.0,82515.41,Tranferencia bancária,,,,Sim,8,,Neutro
Vitória,10112.0,2.0,Receitas Correntes,21.0,Receitas de serviços,211.0,Demanda,Emílio Garrastazu Médici,2011-06-03,,1403.23,PCMAT,429.48,0.16586699198182242,691,SIM,Rio Novo,11055417000196.0,2022.0,JULHO,7.0,247546.22,Tranferencia bancária,Sim,Prazo de Entrega,Sim,Não,3,,Detrator
Vitória,10112.0,2.0,Receitas Correntes,21.0,Receitas de serviços,211.0,Prospecção,Fabinho (Liverpool/ING),2022-06-03,,1634.8,PCMAT,429.48,0.16556511487719883,614,NÃO,Nova Data,11055417000192.0,2022.0,JULHO,7.0,220041.08,Tranferencia bancária,,,,Sim,7,,Neutro
Vitória,10112.0,2.0,Receitas Correntes,21.0,Receitas de serviços,211.0,Demanda,Carlos Luz,2006-07-03,,1634.8,PCMAT,429.48,0.16730041755921887,600,SIM,BelaDona,11055417000181.0,2022.0,AGOSTO,8.0,214576.69,Tranferencia bancária,,,,Sim,6,,Detrator
Vitória,10112.0,2.0,Receitas Correntes,21.0,Receitas de serviços,211.0,Demanda,Dilma Rousseff,2014-01-02,,1287.7,PCMAT,429.48,0.16783378878034183,223,SIM,Suave Lazer,11055417000200.0,2022.0,AGOSTO,8.0,79699.92,Tranferencia bancária,,,,Sim,8,,Neutro
Vitória,10112.0,2.0,Receitas Correntes,21.0,Receitas de serviços,211.0,Prospecção,Carlos Luz,2006-07-03,,1634.8,LTCAT,957.39,0.0,-,NÃO,BelaDona,11055417000181.0,2022.0,AGOSTO,8.0,-,,,,,Sim,9,,Promotor
Vitória,10112.0,2.0,Receitas Correntes,21.0,Receitas de serviços,211.0,Demanda,Carlos Luz,2006-07-03,,1634.8,LTCAT,957.39,0.1654429056692116,399,SIM,BelaDona,11055417000181.0,2022.0,AGOSTO,8.0,318799.65,Tranferencia bancária,Sim,Outros,Não,Não,5,,Detrator
Vitória,10112.0,2.0,Receitas Correntes,21.0,Receitas de serviços,211.0,Demanda,Carlos Luz,2006-07-03,,1634.8,PCMAT,429.48,0.0,62,SIM,BelaDona,11055417000181.0,2022.0,SETEMBRO,9.0,22137.73,Tranferencia bancária,,,,Sim,9,,Promotor
Vitória,10112.0,2.0,Receitas Correntes,21.0,Receitas de serviços,211.0,Demanda,Dilma Rousseff,2014-01-02,,1287.7,PCMAT,429.48,0.0,258,SIM,Suave Lazer,11055417000200.0,2022.0,SETEMBRO,9.0,92240.53,Tranferencia bancária,,,,Sim,8,,Neutro
Vitória,10112.0,2.0,Receitas Correntes,21.0,Receitas de serviços,211.0,Prospecção,Carlos Luz,2006-07-03,,1634.8,LTCAT,957.39,0.0,-,NÃO,Rio das Pedras,11055417007181.0,2022.0,SETEMBRO,9.0,-,,,,,Sim,8,Novo Cliente,Neutro
Vitória,10112.0,2.0,Receitas Correntes,21.0,Receitas de serviços,211.0,Demanda,Carlos Luz,2006-07-03,2022-09-15,1634.8,LTCAT,957.39,0.14915890699437973,600,SIM,BelaDona,11055417000181.0,2022.0,SETEMBRO,9.0,478869.11,Tranferencia bancária,Sim,Qualidade do Serviço/produto,Não,Não,0,,Detrator
Vitória,10112.0,2.0,Receitas Correntes,21.0,Receitas de serviços,211.0,Demanda,Fred (Manchester United/ING),2022-09-05,,1634.8,PCMAT,429.48,0.0,176,SIM,BelaDona,11055417000181.0,2022.0,OUTOBRO,10.0,63133.52,Tranferencia bancária,,,,Sim,8,,Neutro
Vitória,10112.0,2.0,Receitas Correntes,21.0,Receitas de serviços,211.0,Demanda,Dilma Rousseff,2014-01-02,,1287.7,PCMAT,429.48,0.0,258,SIM,Suave Lazer,11055417000200.0,2022.0,OUTOBRO,10.0,92240.53,Tranferencia bancária,,,,Sim,9,,Promotor
Vitória,10112.0,2.0,Receitas Correntes,21.0,Receitas de serviços,211.0,Prospecção,Fred (Manchester United/ING),2022-09-05,,1634.8,LTCAT,957.39,0.0,-,NÃO,BelaDona,11055417000181.0,2022.0,OUTOBRO,10.0,-,,,,,Sim,7,,Neutro
Vitória,10112.0,2.0,Receitas Correntes,21.0,Receitas de serviços,211.0,Demanda,Fred (Manchester United/ING),2022-09-05,,1634.8,LTCAT,957.39,0.14915890699437973,744,SIM,BelaDona,11055417000181.0,2022.0,OUTOBRO,10.0,594017.02,Tranferencia bancária,Sim,Qualidade do Serviço/produto,Não,Não,1,,Detrator
Vitória,10112.0,2.0,Receitas Correntes,21.0,Receitas de serviços,211.0,Demanda,Fred (Manchester United/ING),2022-09-05,,1634.8,PCMAT,390.44,0.0,64,SIM,BelaDona,11055417000181.0,2022.0,NOVEMBRO,11.0,21083.55,Tranferencia bancária,,,,Sim,9,,Promotor
Vitória,10112.0,2.0,Receitas Correntes,21.0,Receitas de serviços,211.0,Demanda,Dilma Rousseff,2014-01-02,,1287.7,PCMAT,390.44,0.0,270,SIM,Suave Lazer,11055417000200.0,2022.0,NOVEMBRO,11.0,87848.12,Tranferencia bancária,,,,Sim,7,,Neutro
Vitória,10112.0,2.0,Receitas Correntes,21.0,Receitas de serviços,211.0,Prospecção,Fred (Manchester United/ING),2022-09-05,,1634.8,LTCAT,870.35,0.0,-,NÃO,BelaDona,11055417000181.0,2022.0,NOVEMBRO,11.0,-,,,,,Sim,8,,Neutro
Vitória,10112.0,2.0,Receitas Correntes,21.0,Receitas de serviços,211.0,Demanda,Fred (Manchester United/ING),2022-09-05,,1634.8,LTCAT,870.35,0.14915890699437973,629,SIM,BelaDona,11055417000181.0,2022.0,NOVEMBRO,11.0,456065.82,Tranferencia bancária,Sim,Qualidade do Serviço/produto,Não,Não,2,,Detrator
Vitória,10112.0,2.0,Receitas Correntes,21.0,Receitas de serviços,211.0,Demanda,Fred (Manchester United/ING),2022-09-05,,1634.8,PCMAT,390.44,0.0,185,SIM,BelaDona,11055417000181.0,2022.0,DEZEMBRO,12.0,60127.16,Tranferencia bancária,,,,Sim,6,,Detrator
Vitória,10112.0,2.0,Receitas Correntes,21.0,Receitas de serviços,211.0,Demanda,Dilma Rousseff,2014-01-02,,1287.7,PCMAT,390.44,0.0,270,SIM,Suave Lazer,11055417000200.0,2022.0,DEZEMBRO,12.0,87848.12,Tranferencia bancária,,,,Sim,7,,Neutro
Vitória,10112.0,2.0,Receitas Correntes,21.0,Receitas de serviços,211.0,Prospecção,Fred (Manchester United/ING),2022-09-05,,1634.8,LTCAT,870.35,0.0,-,NÃO,BelaDona,11055417000181.0,2022.0,DEZEMBRO,12.0,-,,,,,Sim,8,,Neutro
Vitória,10112.0,2.0,Receitas Correntes,21.0,Receitas de serviços,211.0,Demanda,Fred (Manchester United/ING),2022-09-05,,1634.8,LTCAT,870.35,0.14915890699437973,780,SIM,BelaDona,11055417000181.0,2022.0,DEZEMBRO,12.0,565730.49,Tranferencia bancária,Sim,Qualidade do Serviço/produto,Não,Não,9,,Promotor
Vitória,10112.0,2.0,Receitas Correntes,21.0,Receitas de serviços,211.0,Demanda,Fred (Manchester United/ING),2022-09-05,,1634.8,PCMAT,429.48,0.0,47,SIM,BelaDona,11055417000181.0,2023.0,JANEIRO,1.0,16866.84,Tranferencia bancária,,,,Sim,7,,Neutro
Vitória,10112.0,2.0,Receitas Correntes,21.0,Receitas de serviços,211.0,Demanda,Dilma Rousseff,2014-01-02,,1287.7,PCMAT,429.48,0.0,197,SIM,Suave Lazer,11055417000200.0,2023.0,JANEIRO,1.0,70278.5,Tranferencia bancária,,,,Sim,7,,Neutro
Vitória,10112.0,2.0,Receitas Correntes,21.0,Receitas de serviços,211.0,Prospecção,Fred (Manchester United/ING),2022-09-05,,1634.8,LTCAT,957.39,0.0,-,NÃO,BelaDona,11055417000181.0,2023.0,JANEIRO,1.0,-,,,,,Sim,8,,Neutro
Vitória,10112.0,2.0,Receitas Correntes,21.0,Receitas de serviços,211.0,Demanda,Fred (Manchester United/ING),2022-09-05,,1634.8,LTCAT,957.39,0.14915890699437973,457,SIM,BelaDona,11055417000181.0,2023.0,JANEIRO,1.0,364852.66,Tranferencia bancária,Sim,Qualidade do Serviço/produto,Não,Não,4,,Detrator
Vitória,10112.0,2.0,Receitas Correntes,21.0,Receitas de serviços,211.0,Demanda,Fred (Manchester United/ING),2022-09-05,,1634.8,PCMAT,429.48,0.0,135,SIM,BelaDona,11055417000181.0,2023.0,FEVEREIRO,2.0,48101.73,Tranferencia bancária,,,,Sim,7,,Neutro
Vitória,10112.0,2.0,Receitas Correntes,21.0,Receitas de serviços,211.0,Demanda,Dilma Rousseff,2014-01-02,,1287.7,PCMAT,429.48,0.0,197,SIM,Suave Lazer,11055417000200.0,2023.0,FEVEREIRO,2.0,70278.5,Tranferencia bancária,,,,Sim,7,,Neutro
Vitória,10112.0,2.0,Receitas Correntes,21.0,Receitas de serviços,211.0,Prospecção,Fred (Manchester United/ING),2022-09-05,,1634.8,LTCAT,957.39,0.0,-,NÃO,BelaDona,11055417000181.0,2023.0,FEVEREIRO,2.0,-,,,,,Sim,7,,Neutro
Vitória,10112.0,2.0,Receitas Correntes,21.0,Receitas de serviços,211.0,Demanda,Fred (Manchester United/ING),2022-09-05,,1634.8,LTCAT,957.39,0.14915890699437973,567,SIM,BelaDona,11055417000181.0,2023.0,FEVEREIRO,2.0,452584.4,Tranferencia bancária,Sim,Qualidade do Serviço/produto,Não,Não,2,,Detrator